Category,Detail
Username,spez
Age,Not specified
Location,today
Occupation,Single reddit community
Relationship Status,married

MOTIVATIONS
1.,"Wants to  know the best licorice, it's good & plenty.

jelly belly's are disgusting, which shouldn't be a con..."
2.,"Wants to background: four years ago, i met jim over lunch, and he told me his and taylor’s story and how thro..."
3.,"Wants to .

the status quo was that reddit would either moderate these discussions, or there would be no mode..."

GOALS
1.,"Aims to  is to make reddit the best version of itself by being faster, better, and easier to use. here’s how..."
2.,"Aims to reddit is procss hi mods,

i wanted to follow up on the [css and redesign post](https://www.reddit.c..."
3.,"Aims to  is to take care much of that burden so you can focus on helping your communities thrive.

big chang..."

BEHAVIORS
1.,Habit: fun stuff: i'm picking up a new mountain bike today. just finished another [discworld book](https://www.amazon.com/dp/b000w94dzc/). i'm currently in t...

ACTIVITY SUMMARY
Activity Level,Active
Total Comments,63
Total Posts,12
